ProductSlug,Role,DisplayOrder,ImageUrl,Source
agv-neon-graphic-full-face,gallery,1,/Content/images/products/helmets/agv/agv-neon-graphic-full-face-gallery-1.jpg,Context/agv/657712236_18569383408045203_1344923325339432753_n.jpg
agv-neon-graphic-full-face,gallery,2,/Content/images/products/helmets/agv/agv-neon-graphic-full-face-gallery-2.jpg,Context/agv/657798279_18569383381045203_1966165208621551011_n.jpg
agv-neon-graphic-full-face,gallery,3,/Content/images/products/helmets/agv/agv-neon-graphic-full-face-gallery-3.jpg,Context/agv/659055713_18569383426045203_1442529776212964382_n.jpg
agv-red-blue-graphic-full-face,gallery,1,/Content/images/products/helmets/agv/agv-red-blue-graphic-full-face-gallery-1.jpg,Context/agv/660535914_1360616392764073_8031578247911444151_n.jpg
agv-red-blue-graphic-full-face,gallery,2,/Content/images/products/helmets/agv/agv-red-blue-graphic-full-face-gallery-2.jpg,Context/agv/748160881_4660355744193479_1017808815358748648_n.jpg
agv-red-blue-graphic-full-face,gallery,3,/Content/images/products/helmets/agv/agv-red-blue-graphic-full-face-gallery-3.jpg,Context/agv/754057860_1319011193550609_3422132182908044647_n.jpg
agv-red-blue-graphic-full-face,gallery,4,/Content/images/products/helmets/agv/agv-red-blue-graphic-full-face-gallery-4.jpg,Context/agv/758167606_1354995676817725_7357923301522387559_n.jpg
agv-monster-graphic-full-face,gallery,1,/Content/images/products/helmets/agv/agv-monster-graphic-full-face-gallery-1.jpg,Context/agv/685904239_18579559084045203_463326612388496696_n.jpg
agv-monster-graphic-full-face,gallery,2,/Content/images/products/helmets/agv/agv-monster-graphic-full-face-gallery-2.jpg,Context/agv/688330877_18579559072045203_4207358561591433191_n.jpg
agv-monster-graphic-full-face,gallery,3,/Content/images/products/helmets/agv/agv-monster-graphic-full-face-gallery-3.jpg,Context/agv/688782699_18579559060045203_5018957787011246784_n.jpg
agv-monster-graphic-full-face,gallery,4,/Content/images/products/helmets/agv/agv-monster-graphic-full-face-gallery-4.jpg,Context/agv/806350538_18619082464045203_2553904226195092420_n.jpg
agv-monster-graphic-full-face,gallery,5,/Content/images/products/helmets/agv/agv-monster-graphic-full-face-gallery-5.jpg,Context/agv/806684735_18619082515045203_3383843699350609423_n.jpg
agv-matte-black-full-face,gallery,1,/Content/images/products/helmets/agv/agv-matte-black-full-face-gallery-1.jpg,Context/agv/800755855_1058534590156104_1945944371583012483_n.jpg
agv-matte-black-full-face,gallery,2,/Content/images/products/helmets/agv/agv-matte-black-full-face-gallery-2.jpg,Context/agv/801869863_1588503152777637_751538098613461084_n.jpg
agv-matte-black-full-face,gallery,3,/Content/images/products/helmets/agv/agv-matte-black-full-face-gallery-3.jpg,Context/agv/804959203_1403973307766721_8410514234150212679_n.jpg
agv-matte-black-full-face,gallery,4,/Content/images/products/helmets/agv/agv-matte-black-full-face-gallery-4.jpg,Context/agv/819012164_4565012773716987_4729510972651756522_n.jpg
agv-matte-black-full-face,gallery,5,/Content/images/products/helmets/agv/agv-matte-black-full-face-gallery-5.jpg,Context/agv/823893417_2036936960368364_1360781856161188914_n.jpg
agv-white-modular,main,0,/Content/images/products/helmets/agv/agv-white-modular-main-primary.jpg,Context/agv/720020031_1653558962567854_7198059619362423204_n.jpg
agv-white-modular,gallery,1,/Content/images/products/helmets/agv/agv-white-modular-gallery-1.jpg,Context/agv/696807286_18581944213045203_17605762061493467_n.jpg
agv-white-modular,gallery,2,/Content/images/products/helmets/agv/agv-white-modular-gallery-2.jpg,Context/agv/721348747_991391783641559_3806615820272331321_n.jpg
agv-white-modular,gallery,3,/Content/images/products/helmets/agv/agv-white-modular-gallery-3.jpg,Context/agv/722245684_1528923018671398_3152632515020724_n.jpg
agv-vr46-graphic,main,0,/Content/images/products/helmets/agv/agv-vr46-graphic-main-primary.jpg,Context/agv/778550928_18611131378045203_5446448789800777835_n.jpg
agv-vr46-graphic,gallery,1,/Content/images/products/helmets/agv/agv-vr46-graphic-gallery-1.jpg,Context/agv/784622310_1428760989159210_7321394358733794922_n.jpg
agv-vr46-graphic,gallery,2,/Content/images/products/helmets/agv/agv-vr46-graphic-gallery-2.jpg,Context/agv/790993296_18614945047045203_4952417430495171655_n.jpg
agv-red-bull-graphic,main,0,/Content/images/products/helmets/agv/agv-red-bull-graphic-main-primary.jpg,Context/agv/805900290_1600894464813458_9068315174806289892_n.jpg
agv-red-bull-graphic,gallery,1,/Content/images/products/helmets/agv/agv-red-bull-graphic-gallery-1.jpg,Context/agv/766027774_2173563889854109_4921286885130961440_n.jpg
agv-red-bull-graphic,gallery,2,/Content/images/products/helmets/agv/agv-red-bull-graphic-gallery-2.jpg,Context/agv/774471024_29155123874076475_1861317157816233799_n.jpg
gille-ff007-kerena,gallery,1,/Content/images/products/helmets/gille/gille-ff007-kerena-gallery-1.jpg,Context/gille/5c784a9995e2cde76ee86bd316295f7f.jpg
gille-ff007-kerena,gallery,2,/Content/images/products/helmets/gille/gille-ff007-kerena-gallery-2.jpg,Context/gille/images (8).jpg
gille-ff007-kerena,gallery,3,/Content/images/products/helmets/gille/gille-ff007-kerena-gallery-3.jpg,Context/gille/images.jpg
gille-a5009-phoenix,gallery,1,/Content/images/products/helmets/gille/gille-a5009-phoenix-gallery-1.jpg,Context/gille/images (5).jpg
gille-ff005-visage,gallery,1,/Content/images/products/helmets/gille/gille-ff005-visage-gallery-1.jpg,Context/gille/ph-11134207-7r98o-lyxfax2qjekaaa.jpg
gille-dual-visor-open-face,main,0,/Content/images/products/helmets/gille/gille-dual-visor-open-face-main-primary.jpg,Context/gille/597508447_815605768184047_7031062841853075338_n.jpg
gille-dual-visor-open-face,gallery,1,/Content/images/products/helmets/gille/gille-dual-visor-open-face-gallery-1.jpg,Context/gille/597909397_1145663050888927_2985198720667453869_n.jpg
gille-dual-visor-open-face,gallery,2,/Content/images/products/helmets/gille/gille-dual-visor-open-face-gallery-2.jpg,Context/gille/598566779_833059232855907_8255556103442808135_n.jpg
gille-dual-visor-open-face,gallery,3,/Content/images/products/helmets/gille/gille-dual-visor-open-face-gallery-3.jpg,Context/gille/825261334_1767969271142395_6784295856522358532_n.jpg
gille-dual-visor-open-face,gallery,4,/Content/images/products/helmets/gille/gille-dual-visor-open-face-gallery-4.jpg,Context/gille/825310050_2549588832208983_8547941197982214908_n.jpg
gille-dual-visor-open-face,gallery,5,/Content/images/products/helmets/gille/gille-dual-visor-open-face-gallery-5.jpg,Context/gille/825310098_2437206673478486_4274633369472364990_n.jpg
gille-classic-peak-full-face,main,0,/Content/images/products/helmets/gille/gille-classic-peak-full-face-main-primary.jpg,Context/gille/images (3).jpg
gille-classic-peak-full-face,gallery,1,/Content/images/products/helmets/gille/gille-classic-peak-full-face-gallery-1.jpg,Context/gille/images (4).jpg
gille-adventure-peak,main,0,/Content/images/products/helmets/gille/gille-adventure-peak-main-primary.jpg,Context/gille/images (6).jpg
gille-adventure-peak,gallery,1,/Content/images/products/helmets/gille/gille-adventure-peak-gallery-1.jpg,Context/gille/images (7).jpg
gille-adventure-peak,gallery,2,/Content/images/products/helmets/gille/gille-adventure-peak-gallery-2.jpg,Context/gille/S7c4bb8b356ac4c34aeed3b2128e49ec7r.jpg_720x720q80.jpg
gille-adventure-peak,gallery,3,/Content/images/products/helmets/gille/gille-adventure-peak-gallery-3.jpg,Context/gille/sg-11134201-7rdwn-lya96x6eozk65d.jpg
gille-pink-aero-full-face,main,0,/Content/images/products/helmets/gille/gille-pink-aero-full-face-main-primary.jpg,Context/gille/images (9).jpg
gille-black-full-face,main,0,/Content/images/products/helmets/gille/gille-black-full-face-main-primary.jpg,Context/gille/ph-11134207-7rash-m0ieiy8zr1bi0c.jpg
hnj-a4-001-plain,gallery,1,/Content/images/products/helmets/hnj/hnj-a4-001-plain-gallery-1.jpg,Context/hnj/800594032_2129301817663007_1559065101187553091_n.jpg
hnj-a4-001-plain,gallery,2,/Content/images/products/helmets/hnj/hnj-a4-001-plain-gallery-2.jpg,Context/hnj/801577922_913083618263286_7675229045656980617_n.jpg
hnj-a4-001-plain,gallery,3,/Content/images/products/helmets/hnj/hnj-a4-001-plain-gallery-3.jpg,Context/hnj/801962522_2000075747320175_1858233748870773888_n.jpg
hnj-a4-001-plain,gallery,4,/Content/images/products/helmets/hnj/hnj-a4-001-plain-gallery-4.jpg,Context/hnj/802435102_1023396657396480_341359146707229911_n (1).jpg
hnj-a4-001-plain,gallery,5,/Content/images/products/helmets/hnj/hnj-a4-001-plain-gallery-5.jpg,Context/hnj/806197600_1754324875818044_9189853938386504997_n.jpg
hnj-a4-008,gallery,1,/Content/images/products/helmets/hnj/hnj-a4-008-gallery-1.jpg,Context/hnj/800979012_2326347848108729_5717163225680711718_n.jpg
hnj-a4-008,gallery,2,/Content/images/products/helmets/hnj/hnj-a4-008-gallery-2.jpg,Context/hnj/801199377_1592900072470196_8620722969734379294_n.jpg
hnj-a4-008,gallery,3,/Content/images/products/helmets/hnj/hnj-a4-008-gallery-3.jpg,Context/hnj/803924360_2639002979884608_4520398214198789149_n.jpg
hnj-a4-008,gallery,4,/Content/images/products/helmets/hnj/hnj-a4-008-gallery-4.jpg,Context/hnj/806170740_1551220159640670_4175567124526899146_n.jpg
hnj-a4-008,gallery,5,/Content/images/products/helmets/hnj/hnj-a4-008-gallery-5.jpg,Context/hnj/808397182_4168678056595457_5456839026960625162_n.jpg
hnj-2020,gallery,1,/Content/images/products/helmets/hnj/hnj-2020-gallery-1.jpg,Context/hnj/801429149_2136834293852443_7738014338138163839_n.jpg
hnj-2020,gallery,2,/Content/images/products/helmets/hnj/hnj-2020-gallery-2.jpg,Context/hnj/801785267_1060415780096370_6426322559114049951_n.jpg
hnj-2020,gallery,3,/Content/images/products/helmets/hnj/hnj-2020-gallery-3.jpg,Context/hnj/804642674_1530545132159537_5851325630252905834_n.jpg
hnj-2020,gallery,4,/Content/images/products/helmets/hnj/hnj-2020-gallery-4.jpg,Context/hnj/805762439_1421183656187296_3598327041140939062_n.jpg
hnj-2020,gallery,5,/Content/images/products/helmets/hnj/hnj-2020-gallery-5.jpg,Context/hnj/806396183_2109000936372772_8417136539715635721_n.jpg
hnj-937,gallery,1,/Content/images/products/helmets/hnj/hnj-937-gallery-1.jpg,Context/hnj/803584443_27786527797692750_2848528294082620630_n.jpg
hnj-937,gallery,2,/Content/images/products/helmets/hnj/hnj-937-gallery-2.jpg,Context/hnj/805576601_1069406679285880_8681906745854288468_n.jpg
hnj-937,gallery,3,/Content/images/products/helmets/hnj/hnj-937-gallery-3.jpg,Context/hnj/806234305_1577192090049411_3611335257385863768_n.jpg
hnj-937,gallery,4,/Content/images/products/helmets/hnj/hnj-937-gallery-4.jpg,Context/hnj/807698686_1439202674938672_1749967375562606620_n.jpg
hnj-937,gallery,5,/Content/images/products/helmets/hnj/hnj-937-gallery-5.jpg,Context/hnj/808450178_917923234333535_2625860645352337803_n.jpg
shoei-neotec-3,gallery,1,/Content/images/products/helmets/shoei/shoei-neotec-3-gallery-1.jpg,Context/shoei/742648874_1355957559968788_1488576369768847721_n.jpg
shoei-neotec-3,gallery,2,/Content/images/products/helmets/shoei/shoei-neotec-3-gallery-2.jpg,Context/shoei/744872855_1355957513302126_6997501094583698521_n.jpg
shoei-neotec-3,gallery,3,/Content/images/products/helmets/shoei/shoei-neotec-3-gallery-3.jpg,Context/shoei/745594460_1355958416635369_7337891354693500538_n.jpg
shoei-neotec-3,gallery,4,/Content/images/products/helmets/shoei/shoei-neotec-3-gallery-4.jpg,Context/shoei/746779797_1355957506635460_4795163690907760782_n.jpg
shoei-neotec-3,gallery,5,/Content/images/products/helmets/shoei/shoei-neotec-3-gallery-5.jpg,Context/shoei/747379011_1355958399968704_2679585774241184941_n.jpg
shoei-hornet-adv,gallery,1,/Content/images/products/helmets/shoei/shoei-hornet-adv-gallery-1.jpg,Context/shoei/775336059_1386371896927354_3866193331713260188_n.jpg
shoei-hornet-adv,gallery,2,/Content/images/products/helmets/shoei/shoei-hornet-adv-gallery-2.jpg,Context/shoei/778958161_1386371913594019_6473947668755365459_n.jpg
shoei-hornet-adv,gallery,3,/Content/images/products/helmets/shoei/shoei-hornet-adv-gallery-3.jpg,Context/shoei/782149400_1393936842837526_7947120554329846801_n.jpg
shoei-hornet-adv,gallery,4,/Content/images/products/helmets/shoei/shoei-hornet-adv-gallery-4.jpg,Context/shoei/790755203_1398322759065601_7767578002207876457_n.jpg
shoei-hornet-adv,gallery,5,/Content/images/products/helmets/shoei/shoei-hornet-adv-gallery-5.jpg,Context/shoei/810282209_122286176288261180_5947187075977967147_n.jpg
shoei-x-fifteen,gallery,1,/Content/images/products/helmets/shoei/shoei-x-fifteen-gallery-1.jpg,Context/shoei/740169250_1351270967104114_4624756570738505508_n.jpg
shoei-x-fifteen,gallery,2,/Content/images/products/helmets/shoei/shoei-x-fifteen-gallery-2.jpg,Context/shoei/762937906_1374322518132292_4679540102128642459_n.jpg
shoei-x-fifteen,gallery,3,/Content/images/products/helmets/shoei/shoei-x-fifteen-gallery-3.jpg,Context/shoei/763249475_1374322531465624_723491585416468791_n.jpg
shoei-x-fifteen,gallery,4,/Content/images/products/helmets/shoei/shoei-x-fifteen-gallery-4.jpg,Context/shoei/798182137_1364223012554855_1980436000667834097_n.jpg
shoei-x-fifteen,gallery,5,/Content/images/products/helmets/shoei/shoei-x-fifteen-gallery-5.jpg,Context/shoei/802699482_1405093928388484_3896655854500338011_n.jpg
shoei-graphic-open-face,main,0,/Content/images/products/helmets/shoei/shoei-graphic-open-face-main-primary.jpg,Context/shoei/721404320_1334632388767972_8728885664685557590_n.jpg
shoei-graphic-open-face,gallery,1,/Content/images/products/helmets/shoei/shoei-graphic-open-face-gallery-1.jpg,Context/shoei/722635965_1334630358768175_589580614230899435_n.jpg
shoei-graphic-open-face,gallery,2,/Content/images/products/helmets/shoei/shoei-graphic-open-face-gallery-2.jpg,Context/shoei/723155269_1334630355434842_8577160924000651899_n.jpg
shoei-graphic-open-face,gallery,3,/Content/images/products/helmets/shoei/shoei-graphic-open-face-gallery-3.jpg,Context/shoei/723613098_1334632382101306_8297709246622743796_n.jpg
shoei-graphic-open-face,gallery,4,/Content/images/products/helmets/shoei/shoei-graphic-open-face-gallery-4.jpg,Context/shoei/725714281_1334632425434635_3672032705021424390_n.jpg
shoei-graphic-open-face,gallery,5,/Content/images/products/helmets/shoei/shoei-graphic-open-face-gallery-5.jpg,Context/shoei/726350033_1334631662101378_7574392665925260166_n.jpg
zebra-ym-602-plain,gallery,1,/Content/images/products/helmets/zebra/zebra-ym-602-plain-gallery-1.jpg,Context/zebra/801304603_1587040993206290_475223179675977072_n.jpg
zebra-ym-602-plain,gallery,2,/Content/images/products/helmets/zebra/zebra-ym-602-plain-gallery-2.jpg,Context/zebra/805215861_2228032404443234_35113554576293714_n.jpg
zebra-ym-602-plain,gallery,3,/Content/images/products/helmets/zebra/zebra-ym-602-plain-gallery-3.jpg,Context/zebra/805311268_1084439627322290_6531025741735324576_n.jpg
zebra-ym-602-plain,gallery,4,/Content/images/products/helmets/zebra/zebra-ym-602-plain-gallery-4.jpg,Context/zebra/805482677_2153530592181888_4861329176252046410_n.jpg
zebra-ym-602-plain,gallery,5,/Content/images/products/helmets/zebra/zebra-ym-602-plain-gallery-5.jpg,Context/zebra/806092709_2125913708360185_3877905000119791308_n.jpg
zebra-ym-902,gallery,1,/Content/images/products/helmets/zebra/zebra-ym-902-gallery-1.jpg,Context/zebra/804642658_1049581527686221_2572976816920595978_n.jpg
zebra-ym-902,gallery,2,/Content/images/products/helmets/zebra/zebra-ym-902-gallery-2.jpg,Context/zebra/804955008_1577918750680136_8536400171346589807_n.jpg
zebra-ym-902,gallery,3,/Content/images/products/helmets/zebra/zebra-ym-902-gallery-3.jpg,Context/zebra/805695980_1057218557187685_6927340231888453406_n.jpg
zebra-ym-902,gallery,4,/Content/images/products/helmets/zebra/zebra-ym-902-gallery-4.jpg,Context/zebra/806049534_28435807166068708_3882126658592445267_n.jpg
zebra-ym-902,gallery,5,/Content/images/products/helmets/zebra/zebra-ym-902-gallery-5.jpg,Context/zebra/809106776_1442192721099894_8294081326492598421_n.jpg
zebra-603,gallery,1,/Content/images/products/helmets/zebra/zebra-603-gallery-1.jpg,Context/zebra/802119449_1737067904185882_7694258533455399637_n.jpg
zebra-ff-855,gallery,1,/Content/images/products/helmets/zebra/zebra-ff-855-gallery-1.jpg,Context/zebra/806513807_1385135463302773_3800597181489763931_n.jpg
zebra-ff-855,gallery,2,/Content/images/products/helmets/zebra/zebra-ff-855-gallery-2.jpg,Context/zebra/808297896_1058897066921242_1424926221739572990_n.jpg
zebra-hornet-modular,gallery,1,/Content/images/products/helmets/zebra/zebra-hornet-modular-gallery-1.jpg,Context/zebra/810282904_1378419131043760_4080919685627495793_n.jpg
zebra-hornet-modular,gallery,2,/Content/images/products/helmets/zebra/zebra-hornet-modular-gallery-2.jpg,Context/zebra/810449129_1075878745452222_8352664563885862881_n.jpg
zebra-hornet-modular,gallery,3,/Content/images/products/helmets/zebra/zebra-hornet-modular-gallery-3.jpg,Context/zebra/811102679_2443983772792807_6732945692991101506_n.jpg
zebra-hornet-modular,gallery,4,/Content/images/products/helmets/zebra/zebra-hornet-modular-gallery-4.jpg,Context/zebra/811616751_962414036906432_111141626943806974_n (1).jpg
zebra-hornet-modular,gallery,5,/Content/images/products/helmets/zebra/zebra-hornet-modular-gallery-5.jpg,Context/zebra/811664838_2019292735443513_7352170221656464234_n.jpg
gille-ff007-kerena,gallery,4,/Content/images/products/helmets/gille/gille-ff007-kerena-gallery-4.webp,Context/gille/gille-ff007-kerena-lightblue.webp
gille-ff007-kerena,gallery,5,/Content/images/products/helmets/gille/gille-ff007-kerena-gallery-5.webp,Context/gille/gille-ff007-kerena-mpink.webp
gille-a5009-phoenix,gallery,2,/Content/images/products/helmets/gille/gille-a5009-phoenix-gallery-2.webp,Context/gille/gille-a5009phoenix-lakegreen.webp
gille-a5009-phoenix,gallery,3,/Content/images/products/helmets/gille/gille-a5009-phoenix-gallery-3.webp,Context/gille/gille-a5009phoenix-pink.webp
hnj-titan-a4001k,gallery,1,/Content/images/products/helmets/hnj/hnj-titan-a4001k-gallery-1.webp,Context/hnj/hnj-titan-a4001k-hellokitty-black-400x400.webp
hnj-titan-a4001k,gallery,2,/Content/images/products/helmets/hnj/hnj-titan-a4001k-gallery-2.webp,Context/hnj/hnj-titan-a4001k-hellokitty-cream-400x400.webp
hnj-titan-a4001k,gallery,3,/Content/images/products/helmets/hnj/hnj-titan-a4001k-gallery-3.webp,Context/hnj/hnj-titan-a4001k-mario-black-400x400.webp
hnj-titan-a4001k,gallery,4,/Content/images/products/helmets/hnj/hnj-titan-a4001k-gallery-4.webp,Context/hnj/hnj-titan-a4001k-mario-pink-400x400.webp
